"#","Reference","Qty","Value","Footprint","Datasheet","Description","MPN"
"1","C2,C5,C7,C11","4","0.1uF","Capacitor_SMD:C_0805_2012Metric","~","Unpolarized capacitor",""
"2","C3,C4,C6","3","1uF","Capacitor_SMD:C_0805_2012Metric","~","Unpolarized capacitor",""
"3","C8,C10","2","10uF","Capacitor_SMD:C_0805_2012Metric","~","Unpolarized capacitor",""
"4","D3,D4,D5","3","MBR1020VL","Diode_SMD:D_SOD-123F","https://www.onsemi.com/pub/Collateral/MBR1020VL-D.PDF","20V, 1A, 340 mV, Schottky Diode Rectifier, SOD-123F","MBR1020VL"
"5","D6","1","GENERIC GREEN","LED_SMD:LED_0805_2012Metric","~","Light emitting diode",""
"6","D7","1","GENERIC ORANGE","LED_SMD:LED_0805_2012Metric","~","Light emitting diode",""
"7","J10","1","Conn_Coaxial","Connector_Coaxial:SMA_Amphenol_132289_EdgeMount","~","coaxial connector (BNC, SMA, SMB, SMC, Cinch/RCA, LEMO, ...)","132289"
"8","P1","1","USB_C_Plug_USB2.0","Connector_USB:USB_C_Receptacle_GCT_USB4105-xx-A_16P_TopMnt_Horizontal","https://www.usb.org/sites/default/files/documents/usb_type-c.zip","USB 2.0-only Type-C Plug connector","USB4105-GF-A"
"9","Q1,Q5","2","NDT3055L","Package_TO_SOT_SMD:SOT-223-3_TabPin2","https://www.onsemi.com/pdf/datasheet/ndt3055l-d.pdf","4A Id, 60V Vds, N-Channel Logic Level Enhancement Mode MOSFET, SOT-223","NDT3055L"
"10","Q3","1","MMBT2222A","Package_TO_SOT_SMD:SOT-23","https://assets.nexperia.com/documents/data-sheet/MMBT2222A.pdf","600mA Ic, 40V Vce, NPN Transistor, SOT-23","MMBT2222A"
"11","R6,R9","2","120","Resistor_SMD:R_0805_2012Metric","~","Resistor, US symbol",""
"12","R7,R8,R11,R12,R13,R14,R20","7","10k","Resistor_SMD:R_0805_2012Metric","~","Resistor, US symbol",""
"13","R15,R16","2","4.7k","Resistor_SMD:R_0805_2012Metric","~","Resistor, US symbol",""
"14","R18,R19","2","10K","Resistor_SMD:R_0805_2012Metric","~","Resistor, US symbol",""
"15","SW1,SW2","2","SW_Push","Button_Switch_SMD:SW_Push_SPST_NO_Alps_SKRK","~","Push button switch, generic, two pins","SKRKAGE020"
"16","U1","1","BMI270","BMI270:XDCR_BMI270","https://www.bosch-sensortec.com/media/boschsensortec/downloads/datasheets/bst-bmi270-ds000.pdf","BMI270","BMI270"
"17","U3","1","RFM96W-433S2","RFM96W:MODULE_RFM96W-433S2","https://www.hoperf.com/data/upload/portal/20181127/5bfcc0ac60235.pdf","Low power long range transceiver module, SPI and parallel interface, 433 MHz, spreading factor 6 to12, bandwidth 7.8 to 500kHz, -111 to -148 dBm, SMD-16, DIP-16","RFM96W-433S2"
"18","U4","1","TPS73733DCQR","TPS737:IC_TPS73733DCQR","https://www.ti.com/general/docs/suppproductinfo.tsp?distId=10&gotoUrl=https%3A%2F%2Fwww.ti.com%2Flit%2Fgpn%2Ftps737","","TPS73733DCQR"
"19","U5","1","SAM-M8Q","RF_GPS:ublox_SAM-M8Q","https://content.u-blox.com/sites/default/files/documents/SAM-M8Q_DataSheet_UBX-16012619.pdf","GPS ublox M8 variant","SAM-M8Q-0"
"20","U7","1","ESP32-C3-MINI-1","PCM_Espressif:ESP32-C3-MINI-1","https://www.espressif.com/sites/default/files/documentation/esp32-c3-mini-1_datasheet_en.pdf","ESP32-C3-MINI-1 family is an ultra-low-power MCU-based SoC solution that supports 2.4 GHz Wi-Fi and Bluetooth®Low Energy (Bluetooth LE).","ESP32-C3-MINI-1-N4"
"21","U9","1","BMP388","BMP388:PQFN50P200X200X80-10N","https://www.bosch-sensortec.com/media/boschsensortec/downloads/datasheets/bst-bmp388-ds001.pdf","","BMP388"
